genotype,pre_freq,pre_n,post_freq,post_n,fold_change
N-000000000000010000,0.003055962052782964,1514,0.022213561964146533,57,7.268925981563604
N-000000000000000000,0.04641873139223899,22997,0.35697583787996884,916,7.690340239234837
N-000001000001001000,1.0092344956350608e-05,5,0.0003897116134060795,1,38.614575214341386
N-001000000001000000,0.0002745117828127365,136,0.0003897116134060795,1,1.419653500527257
N-010000000000010000,0.00022203158903971338,110,0.004286827747466875,11,19.307287607170693
N-000000100000000110,2.624009688651158e-05,13,0.0003897116134060795,1,14.851759697823612
N-000001001000000000,0.00044608164707069686,221,0.003897116134060795,10,8.736329234013889
N-000000001000000000,0.006015037593984963,2980,0.01675759937646142,43,2.785950896336711
N-000000000000001000,0.0038128879245092596,1889,0.028448947778643804,73,7.46125990113002
N-000001000000000000,0.0030499066458091538,1511,0.024551831644583008,63,8.050027261758792
N-000000010000000000,0.002044709088156633,1013,0.006625097427903352,17,3.2401173674422687
N-010000000000000000,0.0023858303476812837,1182,0.025720966484801246,66,10.780718968470945
N-000000000000100000,0.0039037190291164154,1934,0.012860483242400623,33,3.2944182576868295
N-000000000000020000,0.0019236009486804258,953,0.0074045206547155105,19,3.8493018314401173
N-000010000000000000,0.0036413180602512993,1804,0.011691348402182385,30,3.2107462761370336
N-100000000000000000,0.012675985265176364,6280,0.013250194855806703,34,1.045299010579305
N-000000000000000010,0.0028460412776908713,1410,0.021434138737334373,55,7.531211477974384
N-011000000000000001,4.440631780794268e-05,22,0.0003897116134060795,1,8.776039821441223
N-001000000000000000,0.0054841802492809205,2717,0.01558846453624318,40,2.842442047430356
N-001000100000001000,1.8166220921431094e-05,9,0.0003897116134060795,1,21.452541785745215
N-000000000000000020,0.0012554877125700156,622,0.001558846453624318,4,1.2416262126797875
N-010100000000000010,1.8166220921431094e-05,9,0.0003897116134060795,1,21.452541785745215
N-000000000000000100,0.002668416006459101,1322,0.014419329696024942,37,5.403703793232342
N-000000100000000000,0.0017863450572740576,885,0.009353078721745909,24,5.235874605334426
N-000000000001000000,0.0028460412776908713,1410,0.014029618082618862,36,4.929520240128688
N-000101200000000000,1.614775193016097e-05,8,0.000779423226812159,2,48.26821901792674
N-010010000000011001,0.0,0,0.0003897116134060795,1,nan
N-000110101101010100,0.0,0,0.0003897116134060795,1,nan
N-000000000002000000,0.0018691022859161327,926,0.005455962587685113,14,2.919028363935094
N-000000000000010111,9.688651158096584e-05,48,0.0003897116134060795,1,4.022351584827228
N-100000100100000000,2.624009688651158e-05,13,0.000779423226812159,2,29.703519395647223
N-011000000000000000,0.00040571226724529444,201,0.000779423226812159,2,1.921123144992109
N-000001000001000020,2.0184689912701214e-06,1,0.0003897116134060795,1,193.07287607170696
N-001000001000000000,0.000365342887419892,181,0.0003897116134060795,1,1.0667009727718615
N-000000001010000000,0.0002543270929000353,126,0.000779423226812159,2,3.064648826535031
N-010011201112011010,2.0184689912701214e-06,1,0.0003897116134060795,1,193.07287607170696
N-000100000000000000,0.001727809456527224,856,0.008963367108339828,23,5.187705782300537
N-001100100002000011,0.0,0,0.0019485580670303975,5,nan
N-000000000000020010,0.0002523086239087652,125,0.000779423226812159,2,3.0891660171473108
N-001210000111100111,0.0,0,0.0003897116134060795,1,nan
N-100001000010000000,4.64247867992128e-05,23,0.0003897116134060795,1,8.39447287268291
N-010100001101121000,0.0,0,0.0003897116134060795,1,nan
N-100001000001001000,6.055406973810365e-06,3,0.0003897116134060795,1,64.35762535723565
N-001001001000000000,2.0184689912701216e-05,10,0.000779423226812159,2,38.614575214341386
N-110000000000000000,0.0011081394762072969,549,0.003117692907248636,8,2.8134481030485525
N-000000200000000000,0.0018388252510470808,911,0.008963367108339828,23,4.8745072992856855
N-011111100002120001,0.0,0,0.004286827747466875,11,nan
N-001100101112120010,6.055406973810365e-06,3,0.000779423226812159,2,128.7152507144713
N-010000001101120020,2.0184689912701214e-06,1,0.0019485580670303975,5,965.3643803585347
N-000000000100000000,0.0016067013170510168,796,0.005845674201091193,15,3.638307966175382
N-001001000000000000,0.0003512136044810012,174,0.0011691348402182386,3,3.328842690891499
N-000010000010000010,1.211081394762073e-05,6,0.0003897116134060795,1,32.178812678617824
N-000000000000011120,6.055406973810365e-05,30,0.0019485580670303975,5,32.178812678617824
N-001110101112120010,2.0184689912701214e-06,1,0.001558846453624318,4,772.2915042868278
N-000000200000020000,9.083110460715547e-05,45,0.0011691348402182386,3,12.871525071447131
N-000000000010000000,0.0021315032547812485,1056,0.011301636788776305,29,5.302190725454072
N-010000100100000000,8.073875965080486e-06,4,0.0003897116134060795,1,48.26821901792674
N-000010000000020001,6.055406973810365e-06,3,0.0003897116134060795,1,64.35762535723565
N-000000000000101100,7.872029065953475e-05,39,0.000779423226812159,2,9.901173131882407
N-000201210111010020,2.0184689912701214e-06,1,0.0011691348402182386,3,579.2186282151209
N-010200000101120020,0.0,0,0.0003897116134060795,1,nan
N-001000000010000000,0.00019377302316193169,96,0.0003897116134060795,1,2.011175792413614
N-101001200000101000,0.0,0,0.0003897116134060795,1,nan
N-000001101001100101,0.0,0,0.0003897116134060795,1,nan
N-110010000000000000,0.00016349598829287984,81,0.0003897116134060795,1,2.3836157539716907
N-010000100000000000,0.00011908967048493718,59,0.000779423226812159,2,6.544843256668032
N-001000200000000000,0.00025634556189130546,127,0.0003897116134060795,1,1.5202588667063537
N-011101110000000000,2.0184689912701214e-06,1,0.0003897116134060795,1,193.07287607170696
N-010000000000111100,0.0,0,0.0003897116134060795,1,nan
N-111201000011001021,3.4313972851592065e-05,17,0.0003897116134060795,1,11.357228004218056
N-000000200000010000,0.00013321895342382803,66,0.001558846453624318,4,11.701386428588298
N-000000001000001000,0.00039561992228894383,196,0.0011691348402182386,3,2.9551970827302085
N-000001100000100000,2.0184689912701216e-05,10,0.0011691348402182386,3,57.921862821512086
N-001110101110120020,0.0,0,0.0003897116134060795,1,nan
N-000000000000110000,0.00023616087197860422,117,0.001558846453624318,4,6.600782087921605
N-000000201000000000,0.0001856991471968512,92,0.000779423226812159,2,4.197236436341455
N-000100000001000000,7.266488368572438e-05,36,0.0019485580670303975,5,26.81567723218152
N-001000000000011000,1.4129282938890851e-05,7,0.0011691348402182386,3,82.74551831644584
N-100101000000000000,4.64247867992128e-05,23,0.0003897116134060795,1,8.39447287268291
N-100000000000001100,0.0001574405813190695,78,0.0003897116134060795,1,2.475293282970602
N-011000000101120020,0.0,0,0.0003897116134060795,1,nan
N-000001210111010000,1.0092344956350608e-05,5,0.0003897116134060795,1,38.614575214341386
N-110010000000001000,8.073875965080486e-06,4,0.0003897116134060795,1,48.26821901792674
N-000000100012000000,8.073875965080486e-06,4,0.0003897116134060795,1,48.26821901792674
N-000100000000021000,2.0184689912701214e-06,1,0.0003897116134060795,1,193.07287607170696
N-001010000000000000,0.00030277034869051825,150,0.0011691348402182386,3,3.8614575214341387
N-000001000010001000,2.624009688651158e-05,13,0.0011691348402182386,3,44.55527909347084
N-010000101001000101,0.0,0,0.0003897116134060795,1,nan
N-000010000000010000,0.00020790230610082252,103,0.0027279812938425566,7,13.121457597106298
N-100101010012010111,0.0,0,0.0003897116134060795,1,nan
N-000200000000000000,0.0012675985265176363,628,0.002338269680436477,6,1.844645312787009
N-010001000000020010,2.0184689912701214e-06,1,0.0003897116134060795,1,193.07287607170696
N-000000100001000000,9.890498057223596e-05,49,0.0003897116134060795,1,3.940262776973611
N-001100000000010000,2.0184689912701216e-05,10,0.0003897116134060795,1,19.307287607170693
N-000010000010000000,0.0001574405813190695,78,0.0003897116134060795,1,2.475293282970602
N-000001000010000000,0.00019780996114447192,98,0.003897116134060795,10,19.701313884868053
N-100000200001000000,2.422162789524146e-05,12,0.0003897116134060795,1,16.089406339308912
N-001100000012100000,2.0184689912701214e-06,1,0.003117692907248636,8,1544.5830085736557
N-010001200112101111,7.266488368572438e-05,36,0.0011691348402182386,3,16.089406339308912
N-000000101000100000,1.4129282938890851e-05,7,0.0003897116134060795,1,27.581839438815276
N-001110100112120010,0.0,0,0.000779423226812159,2,nan
N-000000100000010000,0.00014734823636271887,73,0.0003897116134060795,1,2.644833918790506
N-000000000100010000,0.00015542211232779936,77,0.001558846453624318,4,10.02975979593283
N-000201210111110020,0.0,0,0.0003897116134060795,1,nan
N-000111101101011100,0.0,0,0.0003897116134060795,1,nan
N-010001200012101111,4.036937982540243e-06,2,0.0003897116134060795,1,96.53643803585348
N-001000000000000111,4.64247867992128e-05,23,0.0003897116134060795,1,8.39447287268291
N-001000100000000000,0.00022808699601352373,113,0.0003897116134060795,1,1.7086095227584686
N-010000000001001010,2.0184689912701214e-06,1,0.0003897116134060795,1,193.07287607170696
N-000000200000100010,1.0092344956350608e-05,5,0.0003897116134060795,1,38.614575214341386
N-100000000001010000,7.266488368572438e-05,36,0.0003897116134060795,1,5.363135446436304
N-101110100102010000,0.0,0,0.0003897116134060795,1,nan
N-000000000000000110,0.0005126911237826109,254,0.0011691348402182386,3,2.280388300059531
N-110100100000001000,0.0,0,0.0003897116134060795,1,nan
N-000000000100000010,0.00013120048443255791,65,0.001558846453624318,4,11.881407758258888
N-000000000001110000,3.229550386032194e-05,16,0.0003897116134060795,1,12.067054754481685
N-000000001100001000,1.4129282938890851e-05,7,0.0003897116134060795,1,27.581839438815276
N-000000000000021000,0.00013120048443255791,65,0.000779423226812159,2,5.940703879129444
N-000001200010000001,0.0,0,0.0003897116134060795,1,nan
N-100000000010000000,0.0004985618408437201,247,0.0003897116134060795,1,0.7816715630433478
N-001000000001010000,2.624009688651158e-05,13,0.0003897116134060795,1,14.851759697823612
N-010000000000000010,0.00020790230610082252,103,0.0003897116134060795,1,1.8744939424437568
N-000000000000000001,0.00547610637331584,2713,0.005845674201091193,15,1.0674873354499095
N-000000000000100010,0.0002442347479436847,121,0.000779423226812159,2,3.191287207796809
N-000000001000020000,0.00015138517434525912,75,0.000779423226812159,2,5.148610028578852
N-000001010000000000,0.00017964374022304082,89,0.0019485580670303975,5,10.846790790545333
N-010000000001000100,1.0092344956350608e-05,5,0.0003897116134060795,1,38.614575214341386
N-000010000001000000,0.00017358833324923045,86,0.000779423226812159,2,4.490066885388534
N-000001000000000001,0.00024019780996114448,119,0.000779423226812159,2,3.2449222869194445
N-000101000001101000,0.0,0,0.0003897116134060795,1,nan
N-000110001001121100,2.0184689912701214e-06,1,0.0003897116134060795,1,193.07287607170696
N-001000000000000010,0.0003249735075944896,161,0.000779423226812159,2,2.3984208207665456
N-111110110111120011,7.670182166826462e-05,38,0.000779423226812159,2,10.161730319563523
N-000200110102001010,0.0,0,0.000779423226812159,2,nan
N-000000000011000100,2.0184689912701216e-05,10,0.0003897116134060795,1,19.307287607170693
N-000000000000001010,0.0006600393601453298,327,0.000779423226812159,2,1.1808738597657917
N-010000000000000110,3.229550386032194e-05,16,0.0003897116134060795,1,12.067054754481685
N-000000200000101010,4.036937982540243e-06,2,0.0003897116134060795,1,96.53643803585348
N-000011000000000000,0.00019982843013574203,99,0.0019485580670303975,5,9.751155357156916
N-111201210011011110,0.0,0,0.000779423226812159,2,nan
N-010001200102101111,0.0,0,0.0003897116134060795,1,nan
N-000001000001000000,0.0001574405813190695,78,0.001558846453624318,4,9.901173131882407
N-010001210010110101,0.0,0,0.0003897116134060795,1,nan
N-000011010000000000,2.0184689912701216e-05,10,0.0003897116134060795,1,19.307287607170693
N-001000000000010000,0.0003168996316294091,157,0.003897116134060795,10,12.29763541858006
N-101201000001121011,0.0,0,0.0003897116134060795,1,nan
N-001000000000100000,0.0004682848059746682,232,0.001558846453624318,4,3.328842690891499
N-000000000102000000,5.449866276429328e-05,27,0.000779423226812159,2,14.301694523830145
N-010000200000000000,0.00011303426351112681,56,0.0011691348402182386,3,10.34318978955573
N-010000000011000000,8.073875965080486e-06,4,0.0003897116134060795,1,48.26821901792674
N-000010001000000000,0.0002644194378563859,131,0.0003897116134060795,1,1.4738387486389843
N-000000000002010010,2.220315890397134e-05,11,0.0003897116134060795,1,17.552079642882447
N-000200111102001010,0.0,0,0.0003897116134060795,1,nan
N-000001000000000010,0.00016147751930160973,80,0.0011691348402182386,3,7.240232852689011
N-000001000000100000,0.0003572690114548115,177,0.002338269680436477,6,6.544843256668033
N-000100000000000111,1.211081394762073e-05,6,0.0003897116134060795,1,32.178812678617824
N-010001000000000000,0.00013725589140636826,68,0.002338269680436477,6,17.035842006327083
N-000210001012021001,2.0184689912701214e-06,1,0.0003897116134060795,1,193.07287607170696
N-000000100000011000,1.614775193016097e-05,8,0.0003897116134060795,1,24.13410950896337
N-001010101112020010,0.0,0,0.0003897116134060795,1,nan
N-000000000000120000,0.0002341424029873341,116,0.0011691348402182386,3,4.993264036337249
N-001200000111100111,0.0,0,0.0003897116134060795,1,nan
N-000100200000000000,5.8535600746833526e-05,29,0.0003897116134060795,1,6.657685381782998
N-001001000001000000,3.835091083413231e-05,19,0.0003897116134060795,1,10.161730319563523
N-100000000000001000,0.0008941817631326639,443,0.000779423226812159,2,0.8716608400528529
N-011000000000000100,1.614775193016097e-05,8,0.0003897116134060795,1,24.13410950896337
N-000000000001001001,3.4313972851592065e-05,17,0.0003897116134060795,1,11.357228004218056
N-000000010000000100,0.00011101579451985669,55,0.000779423226812159,2,7.020831857152979
N-000000001001000000,0.0002745117828127365,136,0.0019485580670303975,5,7.0982675026362845
N-000001200000020000,2.0184689912701214e-06,1,0.0003897116134060795,1,193.07287607170696
N-001110000012100000,2.8258565877781702e-05,14,0.0003897116134060795,1,13.790919719407638
N-000010000000020000,0.00013523742241509815,67,0.000779423226812159,2,5.763369434976327
N-000100000000100010,1.0092344956350608e-05,5,0.0003897116134060795,1,38.614575214341386
N-001100110012110000,0.0,0,0.0003897116134060795,1,nan
N-001000000000101000,4.440631780794268e-05,22,0.000779423226812159,2,17.552079642882447
N-000000000110001120,0.0,0,0.0003897116134060795,1,nan
N-011111100002120101,0.0,0,0.0003897116134060795,1,nan
N-001000000011100000,2.0184689912701214e-06,1,0.0003897116134060795,1,193.07287607170696
N-000001001000000010,3.835091083413231e-05,19,0.0003897116134060795,1,10.161730319563523
N-010010100000120010,0.0,0,0.0003897116134060795,1,nan
N-000211201102121100,0.0,0,0.0011691348402182386,3,nan
N-001001000001011000,2.0184689912701214e-06,1,0.0003897116134060795,1,193.07287607170696
N-001001110000000000,0.0,0,0.000779423226812159,2,nan
N-000001000000000100,0.00019175455417066154,95,0.0027279812938425566,7,14.226422447388934
N-000001100000000010,1.211081394762073e-05,6,0.0003897116134060795,1,32.178812678617824
N-001001000012100000,2.0184689912701214e-06,1,0.0003897116134060795,1,193.07287607170696
N-000000000100020000,6.055406973810365e-05,30,0.0003897116134060795,1,6.435762535723565
N-000210010111101111,0.0,0,0.0003897116134060795,1,nan
N-010210000000011001,0.0,0,0.000779423226812159,2,nan
N-010000000001000000,0.00012716354645001766,63,0.0003897116134060795,1,3.064648826535031
N-010000201001000101,0.0,0,0.0003897116134060795,1,nan
N-010110101011101121,0.0,0,0.0003897116134060795,1,nan
N-000200210110010020,0.0,0,0.0003897116134060795,1,nan
N-000000100000020000,5.449866276429328e-05,27,0.0003897116134060795,1,7.1508472619150725
N-010200200001101110,2.8258565877781702e-05,14,0.0003897116134060795,1,13.790919719407638
N-001000000000001000,0.0003673613564111621,182,0.0011691348402182386,3,3.182519935247917
N-100001201010000010,0.0,0,0.0003897116134060795,1,nan
N-000000100000001000,0.000149366705353989,74,0.001558846453624318,4,10.436371679551726
N-001100100002000001,0.0,0,0.0003897116134060795,1,nan
N-001210200111000020,0.0,0,0.0003897116134060795,1,nan
N-000001000000001000,0.00034919513548973104,173,0.000779423226812159,2,2.2320563707711787
N-001010000000100000,1.8166220921431094e-05,9,0.0003897116134060795,1,21.452541785745215
N-000000101001020000,2.0184689912701214e-06,1,0.0003897116134060795,1,193.07287607170696
N-100001001000000000,0.00011303426351112681,56,0.000779423226812159,2,6.895459859703819
N-111101201011011100,6.055406973810365e-06,3,0.0003897116134060795,1,64.35762535723565
N-110000000000001000,8.073875965080486e-05,40,0.0011691348402182386,3,14.480465705378021
N-011000000010010000,0.0,0,0.0003897116134060795,1,nan
N-110111100111111000,2.0184689912701214e-06,1,0.0003897116134060795,1,193.07287607170696
N-000201000000100110,0.0,0,0.0003897116134060795,1,nan
N-000010000000100100,1.8166220921431094e-05,9,0.0003897116134060795,1,21.452541785745215
N-000000000010000100,0.0001392743603976384,69,0.0003897116134060795,1,2.7981576242276365
N-001000000000020000,0.00018973608517939143,94,0.000779423226812159,2,4.1079335334405735
N-000000000001000010,0.0001957914921532018,97,0.000779423226812159,2,3.9808840427156067
N-010100000002000000,1.0092344956350608e-05,5,0.0003897116134060795,1,38.614575214341386
N-001110010100100000,4.036937982540243e-06,2,0.0003897116134060795,1,96.53643803585348
N-000111001001120100,2.0184689912701214e-06,1,0.0003897116134060795,1,193.07287607170696
N-100000000000010000,0.000863904728263612,428,0.002338269680436477,6,2.706629103808976
N-100001100000001010,0.0,0,0.0003897116134060795,1,nan
N-000001100000000000,0.0001675329262754201,83,0.0019485580670303975,5,11.630896148898007
N-000001200000000010,0.0,0,0.0003897116134060795,1,nan
N-000000000001010000,0.00026240096886511583,130,0.000779423226812159,2,2.970351939564722
N-010101011101120020,0.0,0,0.0003897116134060795,1,nan
N-000000200000100000,0.00015340364333652924,76,0.0003897116134060795,1,2.5404325798908807
N-100111010010020111,0.0,0,0.0003897116134060795,1,nan
N-000000000000010100,0.00020184689912701217,100,0.000779423226812159,2,3.8614575214341387
N-000000010000001000,0.00014331129838017864,71,0.0011691348402182386,3,8.158008848100293
N-010001000112101111,0.0,0,0.0003897116134060795,1,nan
N-010001000000010000,4.036937982540243e-06,2,0.002338269680436477,6,579.2186282151209
N-000000000000000101,0.0005631528485643639,279,0.000779423226812159,2,1.3840349539190462
N-000000001000100000,0.000530857344704042,263,0.0003897116134060795,1,0.7341173995121936
N-011200200011011110,0.0,0,0.0003897116134060795,1,nan
N-010001201112101101,0.0,0,0.0003897116134060795,1,nan
N-010000010010000000,6.055406973810365e-06,3,0.0003897116134060795,1,64.35762535723565
N-000000000001100000,0.0002785487207952768,138,0.001558846453624318,4,5.596315248455273
N-000000010000010000,0.00012312660846747743,61,0.0011691348402182386,3,9.495387347788865
N-100000000000020000,0.00048241408891355904,239,0.000779423226812159,2,1.6156726031105184
N-110100200000000000,2.422162789524146e-05,12,0.0003897116134060795,1,16.089406339308912
N-000000200010110101,0.0,0,0.000779423226812159,2,nan
N-000000000001011000,1.614775193016097e-05,8,0.0003897116134060795,1,24.13410950896337
N-010000100110020001,0.0,0,0.0003897116134060795,1,nan
N-000000100000120000,1.211081394762073e-05,6,0.000779423226812159,2,64.35762535723565
N-001000010000000000,0.00015340364333652924,76,0.000779423226812159,2,5.080865159781761
N-001111100002120011,0.0,0,0.0003897116134060795,1,nan
N-000000000001000100,0.00015138517434525912,75,0.0003897116134060795,1,2.574305014289426
N-101010001000000000,2.624009688651158e-05,13,0.0003897116134060795,1,14.851759697823612
N-010010000000000000,0.00019175455417066154,95,0.000779423226812159,2,4.06469212782541
N-000000001000000010,0.0003572690114548115,177,0.000779423226812159,2,2.1816144188893443
N-000001000010000100,1.211081394762073e-05,6,0.0003897116134060795,1,32.178812678617824
N-000000201100020110,0.0,0,0.0003897116134060795,1,nan
N-001100000002100000,0.0,0,0.0003897116134060795,1,nan
N-000201210110010020,0.0,0,0.0003897116134060795,1,nan
N-101000000000110000,1.4129282938890851e-05,7,0.0003897116134060795,1,27.581839438815276
N-000100000000001000,0.00012716354645001766,63,0.0003897116134060795,1,3.064648826535031
N-010100000000000000,0.0001856991471968512,92,0.000779423226812159,2,4.197236436341455
N-010000110112121111,0.0,0,0.0003897116134060795,1,nan
N-000211001102120010,2.0184689912701214e-06,1,0.0003897116134060795,1,193.07287607170696
N-000000200100000100,4.036937982540243e-06,2,0.0003897116134060795,1,96.53643803585348
N-011111110002120011,2.0184689912701214e-06,1,0.0003897116134060795,1,193.07287607170696
N-011010000000010000,1.0092344956350608e-05,5,0.0003897116134060795,1,38.614575214341386
N-100110101101001100,0.0,0,0.0003897116134060795,1,nan
N-001001000010000000,2.220315890397134e-05,11,0.0003897116134060795,1,17.552079642882447
N-100011210101120111,2.0184689912701214e-06,1,0.0003897116134060795,1,193.07287607170696
N-000011100000100000,8.073875965080486e-06,4,0.0003897116134060795,1,48.26821901792674
N-111011201001111111,0.0,0,0.0003897116134060795,1,nan
N-000101100000000000,1.211081394762073e-05,6,0.0003897116134060795,1,32.178812678617824
N-001200000102101010,0.0,0,0.0003897116134060795,1,nan
N-000000000000000011,0.0007831659686128072,388,0.0011691348402182386,3,1.4928315160183527
N-000111101100011100,0.0,0,0.0003897116134060795,1,nan
N-000001100000001010,6.055406973810365e-06,3,0.0011691348402182386,3,193.07287607170693
N-010200000000011001,0.0,0,0.000779423226812159,2,nan
N-000000100010000000,0.00010899732552858656,54,0.0003897116134060795,1,3.5754236309575362
N-000000100000000010,9.890498057223596e-05,49,0.000779423226812159,2,7.880525553947222
N-000000000000110010,3.835091083413231e-05,19,0.0003897116134060795,1,10.161730319563523
N-010001000001100000,0.0,0,0.0003897116134060795,1,nan
N-000000000000010011,0.00013725589140636826,68,0.0003897116134060795,1,2.839307001054514
N-000100100000000100,0.0,0,0.0003897116134060795,1,nan
N-010000000100000000,8.073875965080486e-05,40,0.0003897116134060795,1,4.826821901792673
N-110011100111011000,0.0,0,0.0003897116134060795,1,nan
N-000011201102121100,0.0,0,0.0011691348402182386,3,nan
N-000001200000000000,0.00016551445728414996,82,0.0011691348402182386,3,7.063641807501474
N-100111001110101001,0.0,0,0.0003897116134060795,1,nan
N-010200200000101000,0.0,0,0.0003897116134060795,1,nan
N-000001001000011120,2.0184689912701214e-06,1,0.0003897116134060795,1,193.07287607170696
N-000000000010100000,0.00022808699601352373,113,0.0003897116134060795,1,1.7086095227584686
N-101000000000000000,0.0014310945148105162,709,0.0011691348402182386,3,0.8169515207547544
N-101011000001000000,1.211081394762073e-05,6,0.0003897116134060795,1,32.178812678617824
N-000010000000000100,0.00016147751930160973,80,0.000779423226812159,2,4.826821901792673
N-000010001000020000,1.614775193016097e-05,8,0.0003897116134060795,1,24.13410950896337
N-110000000011000000,0.0,0,0.0003897116134060795,1,nan
N-101000000000020000,6.055406973810365e-05,30,0.0003897116134060795,1,6.435762535723565
N-000000210000000000,8.881263561588535e-05,44,0.0003897116134060795,1,4.388019910720612
N-000000000002011000,1.8166220921431094e-05,9,0.0003897116134060795,1,21.452541785745215
N-100001101001000000,0.0,0,0.0003897116134060795,1,nan
N-000000010010100000,2.0184689912701216e-05,10,0.0003897116134060795,1,19.307287607170693
N-001011010101000120,2.0184689912701214e-06,1,0.0003897116134060795,1,193.07287607170696
N-000100000000010001,1.614775193016097e-05,8,0.0003897116134060795,1,24.13410950896337
N-000000210001101000,0.0,0,0.0003897116134060795,1,nan
N-000001000002001000,1.0092344956350608e-05,5,0.0003897116134060795,1,38.614575214341386
N-001000010000001000,1.4129282938890851e-05,7,0.0003897116134060795,1,27.581839438815276
N-000000001002100000,8.073875965080486e-06,4,0.0003897116134060795,1,48.26821901792674
N-001001010102011100,0.0,0,0.0003897116134060795,1,nan
N-111111201010011001,0.0,0,0.0003897116134060795,1,nan
N-000000200000000010,0.00012716354645001766,63,0.000779423226812159,2,6.129297653070062
N-000100000012100000,4.036937982540243e-06,2,0.0003897116134060795,1,96.53643803585348
N-010001200012101011,0.0,0,0.0003897116134060795,1,nan
N-010000001000010000,2.422162789524146e-05,12,0.0003897116134060795,1,16.089406339308912
N-011000000000011000,4.036937982540243e-06,2,0.0003897116134060795,1,96.53643803585348
N-010001000000000100,1.211081394762073e-05,6,0.000779423226812159,2,64.35762535723565
N-001000000001100000,3.633244184286219e-05,18,0.0003897116134060795,1,10.726270892872607
N-000011000001021120,0.0,0,0.0003897116134060795,1,nan
N-000000000010000111,1.614775193016097e-05,8,0.0003897116134060795,1,24.13410950896337
N-111111001102000021,0.0,0,0.0003897116134060795,1,nan
N-100000001002001000,4.036937982540243e-06,2,0.0003897116134060795,1,96.53643803585348
N-000000001001000020,8.073875965080486e-06,4,0.0003897116134060795,1,48.26821901792674
N-000000000101000000,7.46833526769945e-05,37,0.0003897116134060795,1,5.218185839775863
N-101000000002000000,3.835091083413231e-05,19,0.0003897116134060795,1,10.161730319563523
N-000001000000120000,2.422162789524146e-05,12,0.0003897116134060795,1,16.089406339308912
N-000000100000101000,1.8166220921431094e-05,9,0.000779423226812159,2,42.90508357149043
N-111110110111120111,4.036937982540243e-06,2,0.0003897116134060795,1,96.53643803585348
N-001110001112120010,2.0184689912701214e-06,1,0.0003897116134060795,1,193.07287607170696
N-000100000000111000,2.0184689912701214e-06,1,0.0003897116134060795,1,193.07287607170696
N-100000000000011000,6.660947671191402e-05,33,0.0011691348402182386,3,17.55207964288245
N-000000001100000100,8.073875965080486e-06,4,0.0003897116134060795,1,48.26821901792674
N-111101201011011101,0.00011505273250239694,57,0.0003897116134060795,1,3.3872434398545077
N-100001000000000000,0.0006701317051016804,332,0.0011691348402182386,3,1.7446344223347012
N-001010010110010110,0.0,0,0.0003897116134060795,1,nan
N-010000000010000000,0.00011303426351112681,56,0.0003897116134060795,1,3.4477299298519095
N-000000010000000020,5.449866276429328e-05,27,0.0003897116134060795,1,7.1508472619150725
N-011000001101120020,0.0,0,0.0003897116134060795,1,nan
N-010100001101120020,4.036937982540243e-05,20,0.0003897116134060795,1,9.653643803585346
N-010000000002000000,0.00011707120149366705,58,0.0003897116134060795,1,3.328842690891499
N-100100001000000010,6.055406973810365e-06,3,0.0003897116134060795,1,64.35762535723565
N-100111100111110010,2.0184689912701214e-06,1,0.0003897116134060795,1,193.07287607170696
N-000201010111010020,0.0,0,0.0003897116134060795,1,nan
N-000000000000000121,0.00040571226724529444,201,0.0003897116134060795,1,0.9605615724960544
N-000000000000000111,0.00042387848816672556,210,0.001558846453624318,4,3.6775785918420367
N-100110101100001110,0.0,0,0.000779423226812159,2,nan
N-010011200011120111,2.0184689912701214e-06,1,0.0003897116134060795,1,193.07287607170696
N-000000011000000000,0.00023817934096987436,118,0.0011691348402182386,3,4.908632442501024
N-001000200000020000,8.073875965080486e-06,4,0.0003897116134060795,1,48.26821901792674
N-100201201102120020,2.0184689912701214e-06,1,0.0003897116134060795,1,193.07287607170696
N-001000000012100000,0.0,0,0.0003897116134060795,1,nan
N-001010101110010000,0.0,0,0.0003897116134060795,1,nan
N-000010000000001000,0.00019377302316193169,96,0.0011691348402182386,3,6.0335273772408415
N-000000000002000010,0.00011908967048493718,59,0.000779423226812159,2,6.544843256668032
N-000100001000000000,0.00012514507745874754,62,0.0003897116134060795,1,3.114078646317854
N-000000001100000000,0.00013523742241509815,67,0.0003897116134060795,1,2.8816847174881635
N-010000000000120010,4.036937982540243e-06,2,0.0003897116134060795,1,96.53643803585348
N-011011210000020111,2.0184689912701214e-06,1,0.0003897116134060795,1,193.07287607170696
N-000110101112120010,0.0,0,0.0003897116134060795,1,nan
N-010000000000100000,0.00018973608517939143,94,0.0011691348402182386,3,6.16190030016086
N-000001100000020000,1.211081394762073e-05,6,0.0003897116134060795,1,32.178812678617824
N-011110201110121010,0.0,0,0.0003897116134060795,1,nan
N-001010101000101020,0.0,0,0.0003897116134060795,1,nan
N-000211201102121000,0.0,0,0.0003897116134060795,1,nan
N-000000110010110000,4.036937982540243e-06,2,0.0003897116134060795,1,96.53643803585348
N-000000001010100000,3.835091083413231e-05,19,0.0003897116134060795,1,10.161730319563523
N-110101100110011020,2.0184689912701214e-06,1,0.0003897116134060795,1,193.07287607170696
N-001110101012120110,0.0,0,0.0003897116134060795,1,nan
N-010000000002001000,4.036937982540243e-06,2,0.0003897116134060795,1,96.53643803585348
N-001110010110000110,4.036937982540243e-06,2,0.0003897116134060795,1,96.53643803585348
N-100000100000000000,0.00042387848816672556,210,0.0003897116134060795,1,0.9193946479605092
N-000010001002000000,6.055406973810365e-06,3,0.000779423226812159,2,128.7152507144713
N-000001000000000011,3.835091083413231e-05,19,0.0003897116134060795,1,10.161730319563523
N-011111101100020010,4.036937982540243e-06,2,0.0003897116134060795,1,96.53643803585348
N-011011100002120001,0.0,0,0.0003897116134060795,1,nan
N-000100010000000020,0.0,0,0.0003897116134060795,1,nan
N-010111100111011000,2.0184689912701214e-06,1,0.000779423226812159,2,386.1457521434139
N-000001001102101121,0.0,0,0.0003897116134060795,1,nan
N-010000000000001000,0.00014734823636271887,73,0.001558846453624318,4,10.579335675162024
N-000000200000001000,0.0001392743603976384,69,0.001558846453624318,4,11.192630496910546
N-000001200111101111,0.0,0,0.0003897116134060795,1,nan
N-001111100002110001,0.0,0,0.0003897116134060795,1,nan
N-001110101112020000,0.0,0,0.0003897116134060795,1,nan
N-000000000000001120,0.000365342887419892,181,0.0003897116134060795,1,1.0667009727718615
N-000000000010000001,0.000149366705353989,74,0.0003897116134060795,1,2.6090929198879316
N-000001000010000010,1.614775193016097e-05,8,0.000779423226812159,2,48.26821901792674
N-000001110001020000,0.0,0,0.0003897116134060795,1,nan
N-011001000000001000,6.055406973810365e-06,3,0.0003897116134060795,1,64.35762535723565
N-001010101112121010,2.0184689912701214e-06,1,0.0003897116134060795,1,193.07287607170696
N-011210000000111001,0.0,0,0.0003897116134060795,1,nan
N-100000100000001000,4.440631780794268e-05,22,0.0003897116134060795,1,8.776039821441223
N-010011010000020101,0.0,0,0.000779423226812159,2,nan
N-000000000002000110,4.2387848816672555e-05,21,0.0003897116134060795,1,9.193946479605092
N-000010000001100000,3.229550386032194e-05,16,0.0003897116134060795,1,12.067054754481685
N-000101000000000000,0.00013120048443255791,65,0.0003897116134060795,1,2.970351939564722
N-000001000000000111,2.8258565877781702e-05,14,0.0003897116134060795,1,13.790919719407638
N-010000001000101000,6.055406973810365e-06,3,0.0003897116134060795,1,64.35762535723565
N-011111100002020001,0.0,0,0.000779423226812159,2,nan
N-000000100000120120,2.0184689912701214e-06,1,0.0003897116134060795,1,193.07287607170696
N-000001110000001010,0.0,0,0.0003897116134060795,1,nan
N-110000001002000000,4.036937982540243e-06,2,0.0003897116134060795,1,96.53643803585348
N-100000000001000000,0.0006358177322500883,315,0.002338269680436477,6,3.6775785918420376
N-100001100100000000,6.055406973810365e-06,3,0.0003897116134060795,1,64.35762535723565
N-001000000001001000,1.4129282938890851e-05,7,0.0003897116134060795,1,27.581839438815276
N-011101100002020000,0.0,0,0.0003897116134060795,1,nan
N-111211010011011110,0.0,0,0.0003897116134060795,1,nan
N-000000200000000111,1.0092344956350608e-05,5,0.0003897116134060795,1,38.614575214341386
N-000000000000100001,0.0003108442246555987,154,0.0003897116134060795,1,1.2537199744916037
N-001101110001000000,0.0,0,0.0003897116134060795,1,nan
N-000100000000000100,7.872029065953475e-05,39,0.0003897116134060795,1,4.950586565941204
N-001110101112120000,4.036937982540243e-06,2,0.0003897116134060795,1,96.53643803585348
N-001100000112110000,0.0,0,0.0003897116134060795,1,nan
N-010200001101120020,2.422162789524146e-05,12,0.000779423226812159,2,32.178812678617824
N-001000000002000000,0.0001594590503103396,79,0.0003897116134060795,1,2.443960456603885
N-010001000100010000,0.0,0,0.0003897116134060795,1,nan
N-000000000000001020,0.000431952364131806,214,0.0003897116134060795,1,0.9022097012696586
N-010001000010010000,2.0184689912701214e-06,1,0.0003897116134060795,1,193.07287607170696
N-001000000010001000,1.4129282938890851e-05,7,0.0003897116134060795,1,27.581839438815276
N-000001010000000100,2.0184689912701216e-05,10,0.0003897116134060795,1,19.307287607170693
N-000000100000100000,0.00013523742241509815,67,0.0003897116134060795,1,2.8816847174881635
N-000000000100001000,7.872029065953475e-05,39,0.0003897116134060795,1,4.950586565941204
N-010011201112121110,2.0184689912701214e-06,1,0.0003897116134060795,1,193.07287607170696
N-001000000010001001,4.036937982540243e-06,2,0.0003897116134060795,1,96.53643803585348
N-000000010010000000,9.688651158096584e-05,48,0.0003897116134060795,1,4.022351584827228
N-000000000000001001,0.0006095776353635767,302,0.000779423226812159,2,1.2786283183556753
N-100110210011111001,0.0,0,0.0003897116134060795,1,nan
N-001000010000000010,2.0184689912701216e-05,10,0.0003897116134060795,1,19.307287607170693
N-000000000000100100,0.00026643790684765606,132,0.0011691348402182386,3,4.388019910720613
N-100010000000000100,5.248019377302316e-05,26,0.0003897116134060795,1,7.425879848911806
N-010100000000011120,0.0,0,0.0003897116134060795,1,nan
N-000200001111110011,2.0184689912701216e-05,10,0.0003897116134060795,1,19.307287607170693
N-011111110102020001,4.036937982540243e-06,2,0.0003897116134060795,1,96.53643803585348
N-000010200000000000,0.00012312660846747743,61,0.0011691348402182386,3,9.495387347788865
N-011000200102120100,0.0,0,0.0003897116134060795,1,nan
N-000000001001020100,4.036937982540243e-06,2,0.0003897116134060795,1,96.53643803585348
N-000200100002000011,8.073875965080486e-06,4,0.0003897116134060795,1,48.26821901792674
N-010000001000000000,0.00027249331382146643,135,0.000779423226812159,2,2.8603389047660284
N-000010100000120101,0.0,0,0.0003897116134060795,1,nan
N-011111001000000021,0.0,0,0.0003897116134060795,1,nan
N-000011210010111111,0.0,0,0.0003897116134060795,1,nan
N-011001200112101101,4.036937982540243e-06,2,0.0003897116134060795,1,96.53643803585348
N-000000000001020000,0.00011707120149366705,58,0.000779423226812159,2,6.657685381782998
N-011001200102121100,0.0,0,0.0003897116134060795,1,nan
N-010000101000000101,0.0,0,0.0003897116134060795,1,nan
N-001000000012110000,0.0,0,0.0003897116134060795,1,nan
N-010001100002010121,0.0,0,0.0003897116134060795,1,nan
N-010000001101110020,0.0,0,0.0003897116134060795,1,nan
N-000000000101000010,6.055406973810365e-06,3,0.0003897116134060795,1,64.35762535723565
N-000010000102121110,0.0,0,0.0003897116134060795,1,nan
N-001000000000000011,8.679416662461522e-05,43,0.0003897116134060795,1,4.490066885388534
N-000001001100000010,4.036937982540243e-06,2,0.0003897116134060795,1,96.53643803585348
N-100001000000020000,2.0184689912701216e-05,10,0.0003897116134060795,1,19.307287607170693
N-000000000000001100,0.0005248019377302317,260,0.001558846453624318,4,2.970351939564722
N-100000000000010001,0.0001211081394762073,60,0.0003897116134060795,1,3.2178812678617823
N-000000100112020100,5.0461724781753044e-05,25,0.0003897116134060795,1,7.722915042868277
N-000001100100001010,0.0,0,0.0003897116134060795,1,nan
N-000100201001101101,4.036937982540243e-06,2,0.0003897116134060795,1,96.53643803585348
N-001010000000000100,2.422162789524146e-05,12,0.0003897116134060795,1,16.089406339308912
N-001000011000000000,1.614775193016097e-05,8,0.0003897116134060795,1,24.13410950896337
N-010000010001010000,4.036937982540243e-06,2,0.0003897116134060795,1,96.53643803585348
N-100010001000000010,8.073875965080486e-06,4,0.0003897116134060795,1,48.26821901792674
N-000101000000000100,1.0092344956350608e-05,5,0.0003897116134060795,1,38.614575214341386
N-001110101012120010,0.0,0,0.000779423226812159,2,nan
N-100110101101100110,0.0,0,0.0003897116134060795,1,nan
N-000110000112100000,0.0,0,0.0003897116134060795,1,nan
N-110111100111011000,2.220315890397134e-05,11,0.0003897116134060795,1,17.552079642882447
N-010001010010000000,0.0,0,0.0003897116134060795,1,nan
N-010000101100120020,0.0,0,0.0003897116134060795,1,nan
N-001110010102020010,0.0,0,0.0003897116134060795,1,nan
N-100010010010000000,2.0184689912701214e-06,1,0.0003897116134060795,1,193.07287607170696
N-000000001001000021,0.0,0,0.0003897116134060795,1,nan
N-000001000000001010,5.248019377302316e-05,26,0.0011691348402182386,3,22.27763954673542
N-001201100012001010,0.0,0,0.0003897116134060795,1,nan
N-101001110002120111,0.0,0,0.0003897116134060795,1,nan
N-000001010001000000,1.0092344956350608e-05,5,0.0003897116134060795,1,38.614575214341386
N-101000001000000000,0.00013725589140636826,68,0.0003897116134060795,1,2.839307001054514
N-000000000002010000,0.00016147751930160973,80,0.0003897116134060795,1,2.4134109508963366
N-100010000000000000,0.0009547358328707675,473,0.000779423226812159,2,0.8163757973433697
N-001000000000100010,4.440631780794268e-05,22,0.0003897116134060795,1,8.776039821441223
N-010000000000010010,1.4129282938890851e-05,7,0.0003897116134060795,1,27.581839438815276
N-011110100012120000,8.073875965080486e-06,4,0.0003897116134060795,1,48.26821901792674
N-000200110102011010,0.0,0,0.0003897116134060795,1,nan
N-000001100000121111,0.0,0,0.0003897116134060795,1,nan
N-010000000000000001,0.000232123933996064,115,0.0003897116134060795,1,1.678894574536582
N-000000000001001010,3.0277034869051824e-05,15,0.0003897116134060795,1,12.87152507144713
N-010000000001010000,2.624009688651158e-05,13,0.0003897116134060795,1,14.851759697823612
N-011211010011120121,0.0,0,0.0003897116134060795,1,nan
N-110000000000000100,5.6517131755563404e-05,28,0.0003897116134060795,1,6.895459859703819
N-000111211010101101,0.0,0,0.0003897116134060795,1,nan
N-001100000000000001,2.220315890397134e-05,11,0.0003897116134060795,1,17.552079642882447
N-100000000000000021,0.00013120048443255791,65,0.0003897116134060795,1,2.970351939564722
N-011101100002120001,0.0,0,0.0003897116134060795,1,nan
N-010011011000020101,0.0,0,0.0003897116134060795,1,nan
N-000000000100020010,6.055406973810365e-06,3,0.0003897116134060795,1,64.35762535723565
N-000011201102121000,0.0,0,0.0003897116134060795,1,nan
N-000000000010010000,0.00010899732552858656,54,0.000779423226812159,2,7.1508472619150725
N-010101200112101111,2.0184689912701214e-06,1,0.0003897116134060795,1,193.07287607170696
N-010000001101120120,0.0,0,0.000779423226812159,2,nan
N-011111100012020001,0.0,0,0.0003897116134060795,1,nan
N-000000200000011120,2.0184689912701214e-06,1,0.0003897116134060795,1,193.07287607170696
N-011100000012101000,0.0,0,0.0003897116134060795,1,nan
N-100000001000001000,0.00011505273250239694,57,0.0003897116134060795,1,3.3872434398545077
N-010000101001000100,2.0184689912701214e-06,1,0.0003897116134060795,1,193.07287607170696
N-001000010111100000,2.0184689912701214e-06,1,0.0003897116134060795,1,193.07287607170696
N-000001011000000000,2.220315890397134e-05,11,0.0003897116134060795,1,17.552079642882447
N-000010000000000010,0.00019982843013574203,99,0.0003897116134060795,1,1.9502310714313833
N-001110000111100110,2.0184689912701214e-06,1,0.0003897116134060795,1,193.07287607170696
N-000010100000121111,2.0184689912701214e-06,1,0.000779423226812159,2,386.1457521434139
N-100000000100010000,2.624009688651158e-05,13,0.0003897116134060795,1,14.851759697823612
N-111200000000010100,0.0,0,0.0003897116134060795,1,nan
N-001101110000001000,0.0,0,0.0003897116134060795,1,nan
N-101201000000000120,2.0184689912701214e-06,1,0.0003897116134060795,1,193.07287607170696
N-100000200000010000,4.2387848816672555e-05,21,0.0003897116134060795,1,9.193946479605092
N-000010100000121101,0.0,0,0.000779423226812159,2,nan
N-000000000001000101,3.229550386032194e-05,16,0.0003897116134060795,1,12.067054754481685
N-010010000001000000,1.4129282938890851e-05,7,0.0003897116134060795,1,27.581839438815276
N-001100000012101000,0.0,0,0.000779423226812159,2,nan
N-100000200000000000,0.00046626633698339807,231,0.0003897116134060795,1,0.8358133163277357
N-100000000000010010,0.0001211081394762073,60,0.000779423226812159,2,6.435762535723565
N-000010010000000000,0.00011505273250239694,57,0.0003897116134060795,1,3.3872434398545077
N-000000000000101000,0.0003572690114548115,177,0.0011691348402182386,3,3.2724216283340164
N-000000010001000000,0.00013321895342382803,66,0.0003897116134060795,1,2.9253466071470746
N-000000001002000000,0.00011101579451985669,55,0.0003897116134060795,1,3.5104159285764895
N-001000101112120010,0.0,0,0.0003897116134060795,1,nan
N-000000000100020100,1.8166220921431094e-05,9,0.0003897116134060795,1,21.452541785745215
N-001000000000001010,9.486804258969571e-05,47,0.0003897116134060795,1,4.1079335334405735
N-000010000000020111,4.036937982540243e-06,2,0.0003897116134060795,1,96.53643803585348
N-011000000000000010,2.422162789524146e-05,12,0.0003897116134060795,1,16.089406339308912
N-010001100000001010,0.0,0,0.0003897116134060795,1,nan
N-010011200111020000,0.0,0,0.0003897116134060795,1,nan
N-000100001002000000,8.073875965080486e-06,4,0.0003897116134060795,1,48.26821901792674
N-000111111001011100,0.0,0,0.0003897116134060795,1,nan
N-011100200110021001,0.0,0,0.0003897116134060795,1,nan
N-010010000110111121,0.0,0,0.0003897116134060795,1,nan
N-000000000010010100,6.055406973810365e-06,3,0.0003897116134060795,1,64.35762535723565
N-100000000000000010,0.0008275722864207499,410,0.0003897116134060795,1,0.4709094538334315
N-000001000011001000,2.0184689912701214e-06,1,0.0003897116134060795,1,193.07287607170696
N-010001001000020000,2.0184689912701214e-06,1,0.0003897116134060795,1,193.07287607170696
N-010011201012121010,0.0,0,0.0003897116134060795,1,nan
N-000201110002001010,0.0,0,0.0003897116134060795,1,nan
N-001100010002111001,0.0,0,0.0003897116134060795,1,nan
N-000010001000001020,8.073875965080486e-06,4,0.0003897116134060795,1,48.26821901792674
N-011201100011010000,2.0184689912701214e-06,1,0.0003897116134060795,1,193.07287607170696
N-010010010000000000,1.0092344956350608e-05,5,0.0003897116134060795,1,38.614575214341386
N-101110100000020010,2.0184689912701214e-06,1,0.0003897116134060795,1,193.07287607170696
N-100000001000000000,0.0017056062976232528,845,0.0003897116134060795,1,0.22848861073574786
N-000000210010000000,6.055406973810365e-06,3,0.0003897116134060795,1,64.35762535723565
N-010110100002120001,0.0,0,0.0003897116134060795,1,nan
N-000001001010000000,2.624009688651158e-05,13,0.0003897116134060795,1,14.851759697823612
N-000000200002000010,0.0,0,0.0003897116134060795,1,nan
N-000000000000011020,7.670182166826462e-05,38,0.000779423226812159,2,10.161730319563523
N-111201211011011110,0.0,0,0.0003897116134060795,1,nan
N-000001001002000000,4.036937982540243e-06,2,0.0003897116134060795,1,96.53643803585348
N-100010001001020100,0.0,0,0.0003897116134060795,1,nan
N-001201210111010020,2.0184689912701214e-06,1,0.0003897116134060795,1,193.07287607170696
N-010000101001001100,0.0,0,0.0003897116134060795,1,nan
N-000100001000101100,0.0,0,0.0003897116134060795,1,nan
N-011000201100120100,0.0,0,0.0003897116134060795,1,nan
N-101210010001100010,7.872029065953475e-05,39,0.0003897116134060795,1,4.950586565941204
N-000011101101011000,0.0,0,0.0003897116134060795,1,nan
N-001211201002121100,0.0,0,0.0003897116134060795,1,nan
N-000100000000000010,0.00010697885653731645,53,0.000779423226812159,2,7.2857689083662995
N-000000000000010110,0.00010496038754604632,52,0.0003897116134060795,1,3.712939924455903
N-000110000012120111,0.0,0,0.0003897116134060795,1,nan
N-001101110000000000,4.036937982540243e-06,2,0.0003897116134060795,1,96.53643803585348
N-001100000000000000,0.0002704748448301963,134,0.000779423226812159,2,2.8816847174881635
N-010000000100010000,1.211081394762073e-05,6,0.0003897116134060795,1,32.178812678617824
N-000000100000101010,2.0184689912701214e-06,1,0.0003897116134060795,1,193.07287607170696
N-001100000002000011,0.0,0,0.0003897116134060795,1,nan
N-000011211102121100,0.0,0,0.0003897116134060795,1,nan
N-001210000110100111,0.0,0,0.0003897116134060795,1,nan
N-001000000012100100,0.0,0,0.0003897116134060795,1,nan
N-000000000000020100,0.00014532976737144875,72,0.0003897116134060795,1,2.681567723218152
N-110000000000101000,8.073875965080486e-06,4,0.0003897116134060795,1,48.26821901792674
N-010201201002120020,0.0,0,0.0003897116134060795,1,nan
N-000010011001000000,2.0184689912701214e-06,1,0.0003897116134060795,1,193.07287607170696
N-000000200001020000,1.211081394762073e-05,6,0.0003897116134060795,1,32.178812678617824
N-000110101110121101,0.0,0,0.0003897116134060795,1,nan
N-000001000010100010,6.055406973810365e-06,3,0.0003897116134060795,1,64.35762535723565
N-010000000000001010,6.055406973810365e-05,30,0.0003897116134060795,1,6.435762535723565
N-110000000002000000,5.248019377302316e-05,26,0.0003897116134060795,1,7.425879848911806
N-000110101101001110,0.0,0,0.0003897116134060795,1,nan
N-000110210110120111,4.036937982540243e-06,2,0.0003897116134060795,1,96.53643803585348
N-001010010100100000,0.0,0,0.0003897116134060795,1,nan
N-011000201102020100,2.0184689912701214e-06,1,0.0003897116134060795,1,193.07287607170696
N-001000010112100110,0.0,0,0.0003897116134060795,1,nan
N-000100000000010000,0.00010496038754604632,52,0.0003897116134060795,1,3.712939924455903
N-001000001000111000,0.0,0,0.0003897116134060795,1,nan
N-010001200012121101,0.0,0,0.0003897116134060795,1,nan
N-000010001001021100,4.036937982540243e-06,2,0.0003897116134060795,1,96.53643803585348
N-000000000000010010,0.000298733410707978,148,0.0003897116134060795,1,1.3045464599439658
N-010001200112101121,0.0,0,0.0003897116134060795,1,nan
N-000000000010020000,7.266488368572438e-05,36,0.0003897116134060795,1,5.363135446436304
N-001010101000101010,0.0,0,0.0003897116134060795,1,nan
N-001111001000000021,0.0,0,0.0003897116134060795,1,nan
N-000001010000120000,4.036937982540243e-06,2,0.0003897116134060795,1,96.53643803585348
N-100000000001011001,6.055406973810365e-06,3,0.0003897116134060795,1,64.35762535723565
N-100000000000001010,0.0001675329262754201,83,0.0003897116134060795,1,2.326179229779602
N-101110000001000000,1.614775193016097e-05,8,0.0003897116134060795,1,24.13410950896337
N-100211100110120020,0.0,0,0.0003897116134060795,1,nan
N-011111100002121001,6.055406973810365e-06,3,0.0003897116134060795,1,64.35762535723565
N-000010001001000100,0.0,0,0.0003897116134060795,1,nan
N-011001110101000020,0.0,0,0.0003897116134060795,1,nan
N-100000000001100000,5.248019377302316e-05,26,0.0003897116134060795,1,7.425879848911806
N-010001100000000000,1.4129282938890851e-05,7,0.0003897116134060795,1,27.581839438815276
N-000000000100010100,4.036937982540243e-06,2,0.0003897116134060795,1,96.53643803585348
N-101011101102120010,1.614775193016097e-05,8,0.0003897116134060795,1,24.13410950896337
N-000001210111010020,0.0,0,0.0003897116134060795,1,nan
N-000000000000100110,5.248019377302316e-05,26,0.0003897116134060795,1,7.425879848911806
N-100000010000100121,0.0,0,0.0003897116134060795,1,nan
N-000000100010000100,4.036937982540243e-06,2,0.0003897116134060795,1,96.53643803585348
N-100200000010000000,1.614775193016097e-05,8,0.0003897116134060795,1,24.13410950896337
N-000001000000001100,5.248019377302316e-05,26,0.0003897116134060795,1,7.425879848911806
N-010001200000000000,2.0184689912701216e-05,10,0.0003897116134060795,1,19.307287607170693
N-000000100100000000,7.064641469445426e-05,35,0.0003897116134060795,1,5.516367887763055
N-000200000000000100,4.64247867992128e-05,23,0.0003897116134060795,1,8.39447287268291
N-001011101102121100,0.0,0,0.0003897116134060795,1,nan
N-000001001001000000,2.422162789524146e-05,12,0.0003897116134060795,1,16.089406339308912
N-011110110111120011,8.073875965080486e-06,4,0.0003897116134060795,1,48.26821901792674
N-100000000002000000,0.0004763586819397487,236,0.0003897116134060795,1,0.818105407083504
N-000000110102001010,0.0,0,0.0003897116134060795,1,nan
N-100000000000000100,0.0006822425190493012,338,0.0003897116134060795,1,0.5712215268393696
N-001001110000000100,0.0,0,0.0003897116134060795,1,nan
N-100110101101001000,0.0,0,0.0003897116134060795,1,nan
